Entry Date,Exit Date,Entry Price,Exit Price,Stop Loss,Target,Quantity,MTF Score,Indicator Score,Final Score,Profit %,Net Profit,Capital
2011-01-18,2011-01-31,208.66,192.54,192.54,240.91,62,87.72,55,77.9,-7.88,-1019.48,98980.52
2011-03-24,2011-04-06,203.96,198.77,191.72,228.45,80,68.4,50,62.88,-2.7,-441.31,98539.21
2011-04-08,2011-04-26,197.02,200.2,187.29,216.47,101,68.4,70,68.88,1.45,289.0,98828.21
2011-06-16,2011-06-29,215.85,222.74,202.65,242.25,74,55.95,75,61.66,3.03,484.32,99312.53
2011-07-01,2011-07-14,223.89,228.81,211.01,249.63,77,60.32,80,66.22,2.04,351.38,99663.91
2011-07-18,2011-07-29,225.36,232.04,215.28,245.54,98,59.8,70,62.86,2.8,617.98,100281.88
2011-08-02,2011-08-05,232.84,220.45,220.45,257.63,80,68.17,90,74.72,-5.48,-1020.38,99261.51
2011-11-11,2011-11-24,221.09,226.26,207.93,247.43,75,74.49,90,79.14,2.17,360.44,99621.95
2012-01-24,2012-02-07,236.68,245.43,224.89,260.26,84,87.72,90,88.4,3.53,702.53,100324.48
2012-02-09,2012-02-23,248.67,246.15,233.24,279.53,65,92.45,100,94.72,-1.17,-189.89,100134.58
2012-02-27,2012-03-12,248.04,259.79,234.21,275.71,72,78.34,55,71.34,4.57,816.61,100951.2
2012-03-14,2012-03-16,265.81,252.84,252.84,291.75,77,75.83,55,69.58,-5.04,-1030.64,99920.55
2012-03-20,2012-04-02,253.41,258.59,237.95,284.32,64,88.6,80,86.02,1.89,305.72,100226.27
2012-04-13,2012-04-26,257.96,269.42,243.09,287.7,67,78.86,50,70.2,4.28,739.22,100965.49
2012-04-30,2012-05-14,268.61,254.5,254.5,296.82,71,89.13,75,84.89,-5.41,-1031.24,99934.25
2012-05-16,2012-05-29,266.78,255.14,251.37,297.61,64,89.13,80,86.39,-4.52,-771.38,99162.86
2012-05-31,2012-06-13,258.08,267.43,241.12,291.98,58,92.98,50,80.09,3.46,518.37,99681.23
2012-06-15,2012-06-28,263.24,277.81,250.6,288.52,78,75.79,55,69.55,5.37,1102.44,100783.68
2012-07-02,2012-07-13,286.83,277.96,274.7,311.07,83,75.61,85,78.43,-3.25,-773.03,100010.64
2012-07-17,2012-07-30,281.87,291.11,271.42,302.75,95,76.13,70,74.29,3.12,834.75,100845.39
2012-08-01,2012-08-14,295.62,302.83,284.15,318.57,87,75.79,55,69.55,2.28,585.51,101430.9
2012-08-17,2012-08-31,299.7,303.33,286.32,326.46,75,75.61,75,75.43,1.05,236.1,101667.0
2012-09-04,2012-09-06,303.01,291.78,291.78,325.46,90,92.98,70,86.09,-3.86,-1053.55,100613.45
2013-01-17,2013-01-30,326.74,321.68,313.96,352.32,78,89.13,65,81.89,-1.71,-435.14,100178.31
2013-02-15,2013-02-28,352.16,364.03,337.84,380.79,69,88.6,85,87.52,3.21,779.3,100957.61
2013-03-04,2013-03-15,362.14,378.3,346.5,393.42,64,88.6,75,84.52,4.3,996.05,101953.66
2013-03-19,2013-04-03,378.93,392.23,363.62,409.55,66,92.45,75,87.22,3.35,836.86,102790.52
2013-04-05,2013-04-18,391.64,415.81,375.85,423.21,65,92.45,90,91.72,6.01,1528.77,104319.3
2013-04-23,2013-05-08,419.41,447.25,397.49,463.25,47,92.45,85,90.22,6.47,1275.96,105595.25
2013-05-10,2013-05-23,433.75,456.53,408.78,483.7,42,92.98,80,89.09,5.09,926.91,106522.16
2013-05-27,2013-05-30,440.2,491.08,414.76,491.08,41,92.45,60,82.72,11.39,2055.63,108577.79
2013-06-03,2013-06-13,469.24,436.44,436.44,534.85,33,92.45,80,88.72,-7.14,-1106.36,107471.42
2013-09-12,2013-09-25,517.03,518.8,471.72,607.63,23,92.45,85,90.22,0.18,21.68,107493.1
2013-09-27,2013-10-11,534.25,570.72,497.95,606.86,29,88.6,85,87.52,6.66,1032.02,108525.12
2013-10-15,2013-10-29,572.59,563.43,539.79,638.2,33,88.6,75,84.52,-1.76,-332.38,108192.75
2013-10-31,2013-11-06,565.03,535.73,535.73,623.63,36,89.13,55,78.89,-5.34,-1086.36,107106.38
2014-01-21,2014-02-03,541.59,541.87,519.22,586.34,47,88.6,90,89.02,-0.11,-27.89,107078.49
2014-02-05,2014-02-18,535.99,555.95,505.53,596.89,35,74.49,55,68.64,3.56,668.3,107746.8
2014-02-20,2014-03-06,565.62,566.21,540.33,616.2,42,84.75,100,89.32,-0.06,-13.14,107733.66
2014-03-10,2014-03-11,554.36,528.77,528.77,605.54,42,89.12,80,86.38,-4.77,-1111.11,106622.55
2014-03-13,2014-03-13,556.96,527.64,527.64,615.6,36,89.12,50,77.38,-5.42,-1086.65,105535.9
2014-03-18,2014-03-31,533.39,524.04,497.18,605.81,29,89.12,50,77.38,-1.91,-295.56,105240.34
2014-04-21,2014-05-05,573.23,571.32,540.87,637.96,32,62.71,90,70.9,-0.49,-90.57,105149.77
2014-05-07,2014-05-19,569.86,547.57,547.57,614.43,47,62.71,90,70.9,-4.07,-1089.58,104060.2
2014-05-21,2014-06-03,532.57,549.94,501.01,595.67,32,67.91,50,62.54,3.1,528.11,104588.3
2014-06-12,2014-06-25,562.56,576.97,535.99,615.71,39,68.09,80,71.66,2.4,526.28,105114.58
2014-06-27,2014-07-03,593.56,649.47,565.61,649.47,37,68.17,90,74.72,9.25,2031.7,107146.29
2014-07-07,2014-07-18,652.92,676.76,620.23,718.31,32,67.64,75,69.85,3.49,728.94,107875.23
2014-07-22,2014-08-05,682.92,705.53,646.25,756.25,29,68.17,75,70.22,3.15,623.53,108498.76
2014-08-07,2014-08-18,688.66,749.7,658.14,749.7,35,68.17,70,68.72,8.7,2096.03,110594.79
2014-08-20,2014-09-03,733.98,800.41,700.76,800.41,33,67.64,90,74.35,8.88,2151.75,112746.54
2014-09-05,2014-09-11,792.33,753.03,753.03,870.93,28,67.64,55,63.85,-5.12,-1135.05,111611.49
2014-09-15,2014-09-26,734.35,694.48,694.48,814.09,27,68.17,65,67.22,-5.58,-1107.3,110504.19
2014-10-17,2014-11-03,726.13,779.33,675.41,827.56,21,87.27,50,76.09,7.16,1091.99,111596.18
2014-11-07,2014-11-10,778.19,850.41,742.08,850.41,30,70.97,65,69.18,9.11,2127.53,113723.71
2014-11-12,2014-11-17,841.44,795.75,795.75,932.82,24,70.97,85,75.18,-5.59,-1128.0,112595.7
2014-11-19,2014-12-02,791.43,767.59,737.91,898.48,21,61.04,90,69.73,-3.17,-526.81,112068.89
2014-12-11,2014-12-24,756.36,733.89,725.06,818.97,35,67.55,50,62.28,-3.13,-828.14,111240.75
2015-02-03,2015-02-16,854.91,835.5,807.81,949.12,23,77.66,75,76.86,-2.43,-477.51,110763.24
2015-02-19,2015-02-26,842.76,794.83,794.83,938.63,23,92.0,70,85.4,-5.84,-1132.63,109630.61
2015-03-02,2015-03-04,833.08,913.82,792.71,913.82,27,75.34,50,67.74,9.52,2142.16,111772.78
2015-03-16,2015-03-27,926.25,923.6,860.6,1057.55,17,75.68,90,79.98,-0.45,-70.19,111702.59
2015-03-31,2015-04-06,927.07,1039.54,870.83,1039.54,19,92.0,70,85.4,11.96,2107.06,113809.65
2015-05-15,2015-05-28,847.06,872.08,806.15,928.87,27,88.68,55,78.58,2.79,638.58,114448.23
2015-06-01,2015-06-02,836.23,793.59,793.59,921.53,26,92.53,60,82.77,-5.26,-1142.65,113305.58
2015-10-28,2015-11-02,827.52,791.95,791.95,898.66,31,63.34,60,62.34,-4.46,-1142.9,112162.68
2018-08-20,2018-09-03,577.35,606.17,543.64,644.77,33,54.22,85,63.45,4.83,919.85,113082.53
2018-09-05,2018-09-19,604.23,601.19,568.41,675.86,31,54.22,75,60.45,-0.66,-124.21,112958.32
2018-09-24,2018-10-08,591.14,546.76,546.76,679.88,25,54.92,80,62.44,-7.66,-1132.14,111826.19
2020-06-24,2020-07-01,471.53,439.49,439.49,535.6,34,57.5,70,61.25,-6.95,-1114.03,110712.15
2020-07-17,2020-07-21,469.27,449.33,449.33,509.15,55,57.49,80,64.24,-4.41,-1137.26,109574.9
2020-07-23,2020-07-31,448.94,494.36,426.23,494.36,48,69.21,60,66.45,9.95,2144.09,111718.99
2020-08-04,2020-08-17,490.31,496.28,457.89,555.16,34,73.06,100,81.14,1.06,175.96,111894.94
2020-08-19,2020-09-01,498.78,490.73,466.56,563.2,34,72.54,70,71.78,-1.77,-300.49,111594.46
2020-09-03,2020-09-16,488.0,487.95,457.2,549.61,36,73.06,50,66.14,-0.17,-29.8,111564.66
2020-11-14,2020-11-27,480.89,481.51,451.09,540.51,37,59.81,70,62.87,-0.03,-5.85,111558.8
2020-12-02,2020-12-15,509.03,537.97,481.76,563.59,40,51.67,85,61.67,5.52,1124.03,112682.84
2021-02-15,2021-02-26,599.97,564.46,553.1,693.7,24,62.58,100,73.81,-6.07,-874.46,111808.37
2021-05-04,2021-05-18,628.44,655.79,595.25,694.83,33,57.33,90,67.13,4.19,868.32,112676.7
2021-05-20,2021-06-02,664.52,643.11,625.1,743.37,28,62.58,75,66.31,-3.38,-628.69,112048.01
2021-08-09,2021-08-23,749.15,722.76,700.69,846.07,23,63.87,75,67.21,-3.68,-634.06,111413.95
2022-01-18,2022-01-20,813.8,778.45,778.45,884.49,31,57.33,90,67.13,-4.5,-1135.36,110278.59
2022-01-24,2022-02-01,765.26,836.75,729.51,836.75,30,62.58,55,60.31,9.17,2106.31,112384.9
2022-07-28,2022-08-11,859.55,883.59,827.87,922.92,35,56.99,85,65.39,2.63,792.28,113177.17
2022-08-16,2022-08-29,870.11,846.26,825.48,959.35,25,67.08,90,73.96,-2.9,-630.62,112546.55
2022-09-01,2022-09-14,859.49,850.59,826.21,926.05,33,67.91,50,62.54,-1.2,-338.94,112207.61
2022-10-10,2022-10-21,910.45,941.01,865.57,1000.21,25,67.98,75,70.09,3.19,726.93,112934.54
2022-10-25,2022-11-02,954.73,1015.02,924.58,1015.02,37,67.64,75,69.85,6.15,2172.58,115107.12
2022-11-04,2022-11-14,1006.07,967.33,967.33,1083.55,29,67.64,75,69.85,-4.01,-1169.36,113937.76
2022-11-16,2022-11-29,969.31,1010.45,924.46,1059.01,25,68.17,70,68.72,4.08,989.05,114926.81
2022-12-01,2022-12-07,1015.41,983.02,983.02,1080.18,35,70.97,70,70.68,-3.35,-1189.6,113737.21
2023-09-29,2023-10-13,1103.82,1114.53,1073.69,1164.09,37,68.54,80,71.98,0.81,330.4,114067.61
2023-12-01,2023-12-14,1199.92,1198.22,1167.3,1265.16,34,50.8,85,61.06,-0.3,-123.13,113944.48
2023-12-18,2024-01-01,1202.55,1226.39,1158.78,1290.09,26,68.17,80,71.72,1.82,569.36,114513.85
2024-01-03,2024-01-16,1261.37,1278.16,1218.38,1347.35,26,67.64,85,72.85,1.17,383.62,114897.47
2024-01-18,2024-01-23,1264.05,1353.7,1219.22,1353.7,25,67.64,80,71.35,6.93,2188.97,117086.44
2024-01-25,2024-02-08,1346.37,1461.25,1288.94,1461.25,20,67.64,75,69.85,8.37,2252.59,119339.03
2024-02-12,2024-02-23,1507.02,1527.96,1426.45,1668.15,14,67.64,85,72.85,1.23,259.22,119598.25
2024-02-27,2024-03-12,1523.56,1550.52,1472.26,1626.16,23,67.64,55,63.85,1.61,563.58,120161.83
2024-03-14,2024-03-28,1533.83,1586.0,1474.81,1651.87,20,67.64,80,71.35,3.24,993.35,121155.18
2024-04-02,2024-04-12,1594.51,1528.9,1528.9,1725.72,18,62.91,55,60.54,-4.27,-1225.96,119929.22
2024-04-24,2024-05-08,1452.99,1489.3,1383.37,1592.25,17,73.43,50,66.4,2.34,577.24,120506.46
2024-05-10,2024-05-24,1462.78,1455.0,1396.87,1594.61,18,73.43,55,67.9,-0.69,-182.06,120324.4
2024-07-25,2024-08-01,1585.43,1702.92,1526.68,1702.92,20,52.28,85,62.1,7.24,2297.21,122621.61
2024-08-05,2024-08-19,1693.57,1715.96,1616.03,1848.65,15,59.25,85,66.97,1.16,294.86,122916.46
2024-08-21,2024-09-03,1737.75,1778.5,1677.91,1857.45,20,67.64,55,63.85,2.18,758.62,123675.08
2024-09-05,2024-09-18,1799.8,1802.55,1746.8,1905.8,23,67.64,85,72.85,-0.01,-3.05,123672.03
2024-09-20,2024-09-27,1817.37,1922.72,1764.7,1922.72,23,68.17,70,68.72,5.63,2354.13,126026.16
2024-10-01,2024-10-15,1889.78,1863.86,1835.0,1999.35,23,67.64,85,72.85,-1.53,-665.2,125360.95
2024-10-17,2024-10-23,1888.5,1816.77,1816.77,2031.97,17,67.64,70,68.35,-3.96,-1269.88,124091.08
2024-12-17,2024-12-31,1777.02,1851.98,1709.18,1912.71,18,83.88,50,73.72,4.05,1297.0,125388.08
2025-01-02,2025-01-06,1857.53,1793.37,1793.37,1985.85,19,70.54,55,65.88,-3.61,-1274.52,124113.56
2025-01-08,2025-01-10,1828.66,1765.38,1765.38,1955.23,19,70.88,90,76.62,-3.62,-1257.04,122856.52
2025-02-10,2025-02-21,1719.83,1623.98,1623.98,1911.53,12,69.4,55,65.08,-5.73,-1182.28,121674.23
2025-05-08,2025-05-12,1759.39,1678.65,1678.65,1920.86,15,68.62,90,75.03,-4.75,-1252.29,120421.94
2025-05-14,2025-05-27,1681.06,1662.69,1584.92,1873.35,12,68.62,65,67.53,-1.25,-252.55,120169.38
2025-07-24,2025-08-01,1667.27,1617.04,1617.04,1767.74,23,88.15,50,76.7,-3.17,-1215.76,118953.62
2025-10-03,2025-10-16,1585.52,1643.98,1529.86,1696.84,21,64.03,65,64.32,3.52,1173.53,120127.15
2025-11-04,2025-11-18,1691.55,1742.88,1643.93,1786.79,25,56.37,70,60.46,2.87,1214.59,121341.74
2025-11-27,2025-12-10,1785.79,1769.34,1739.09,1879.19,25,56.37,75,61.96,-1.08,-482.35,120859.4
2026-03-18,2026-04-01,1794.9,1720.06,1720.06,1944.56,16,67.21,90,74.05,-4.33,-1242.37,119617.03
2026-05-19,2026-05-25,1895.53,1820.87,1820.87,2044.86,16,63.06,75,66.64,-4.1,-1242.16,118374.87
2026-05-27,2026-05-29,1860.12,1783.95,1783.95,2012.47,15,61.11,70,63.78,-4.25,-1186.35,117188.52
2026-06-09,2026-06-22,1783.03,1858.03,1714.42,1920.24,17,68.26,50,62.78,4.04,1225.54,118414.06
2026-06-24,2026-07-07,1863.12,1903.4,1812.39,1964.57,23,67.73,85,72.91,2.0,857.2,119271.26
2026-07-09,2026-07-22,1889.9,1943.0,1831.47,2006.77,20,76.05,85,78.73,2.65,1000.67,120271.94
2026-07-24,2026-08-05,1945.0,1940.0,1881.88,2071.24,19,80.43,100,86.3,-0.42,-154.05,120117.88
